{
  "timestamp": "2025-12-10T10:21:15.178093",
  "precision_at_k": {
    "5": 0.4,
    "10": 0.2
  },
  "mrr": 0.3333333333333333,
  "ndcg_at_k": {
    "5": 0.30078518014914984,
    "10": 0.19518900079066107
  },
  "recall_at_k": {
    "5": 0.0625,
    "10": 0.0625
  },
  "api_latency_ms": 63.173675537109375,
  "search_latency_ms": 63.173675537109375,
  "average_similarity": 0.8315503859519958,
  "diversity_score": 0.4
}